<Configuration>
  <Add OfficeClientEdition="64" Channel="Current" MigrateArch="TRUE">
    <Product ID="O365ProPlusRetail">
      <Language ID="MatchOS" Fallback="en-US" />
      <ExcludeApp ID="Lync" />
      <ExcludeApp ID="Groove" />
      <ExcludeApp ID="Bing" />
    </Product>
    <Product ID="VisioProRetail">
      <Language ID="MatchOS" Fallback="en-US" />
      <ExcludeApp ID="Bing" />
    </Product>
    <Product ID="ProjectProRetail">
      <Language ID="MatchOS" Fallback="en-US" />
      <ExcludeApp ID="Bing" />
    </Product>
    <Product ID="ProofingTools">
      <Language ID="MatchOS" Fallback="en-US" />
      <ExcludeApp ID="Bing" />
    </Product>
    <Product ID="LanguagePack">
      <Language ID="MatchInstalled" />
      <ExcludeApp ID="Bing" />
    </Product>
  </Add>
  <Updates Enabled="TRUE" />
  <Display Level="Full" AcceptEULA="TRUE" />
  <Property Name="ForceAppShutdown" Value="TRUE" />
  <AppSettings>
    <User Key="Software\Microsoft\Office\16.0\Word\Options" Name="defaultformat" Value="" Type="REG_SZ" App="word16" Id="L_SaveWordfilesas" />
    <User Key="Software\Microsoft\Office\16.0\Excel\Options" Name="defaultformat" Value="51" Type="REG_DWORD" App="excel16" Id="L_SaveExcelfilesas" />
    <User Key="Software\Microsoft\Office\16.0\PowerPoint\Options" Name="defaultformat" Value="27" Type="REG_DWORD" App="ppt16" Id="L_SavePowerPointfilesas" />
  </AppSettings>
</Configuration>
